자치구,분류,시설명,주소,위도,경도,전화번호,종목,홈페이지,강습여부,실내/실외
종로구,체육관,종로문화체육센터,종로구 인왕산로1길 21,37.5742102,126.9646484,732-9392,수영 헬스 에어로빅 배드민턴 탁구 농구 축구 줄넘기 인라인스케이트 특공무술 복싱 체조 클라이밍 야구 ,http://www.ijongno.co.kr/front/main/41,유,실내
종로구,체육관,종로구민회관,종로구 지봉로5길 7-5,37.5734636,127.0143719,3672-2530,수영 헬스 에어로빅 배드민턴 탁구 검도 농구 줄넘기 인라인스케이트 국궁 스피닝 ,http://www.ijongno.co.kr/front/main/21,유,실내
종로구,체육관,올림픽기념국민생활관,종로구 성균관로 91,37.590434,126.9987747,745-6701,수영 헬스 에어로빅 배드민턴 탁구 검도 농구 줄넘기 인라인스케이트 역도 체조 야구 국궁 스피닝 골프,http://www.ijongno.co.kr/front/main/11,유,실내
종로구,체육관,동부여성문화센터,종로구 창신길 124,37.5768851,127.0098844,3675-5861,헬스 에어로빅,http://www.ijongno.co.kr/front/main/31,유,실내
종로구,체육관,청소년문화센터,종로구 명륜길?90 ,37.5906034,126.9933679,3675-1318 ,헬스,http://www.ijongno.co.kr/front/program/32/01,유,실내
종로구,국궁장,황학정 ,종로구 자하문로1길 56 ,37.577925,126.964215,723-6793,국궁,http://www.hwanghakjeong.org/,무,실외
종로구,배드민턴장,인왕배드민턴장,종로구 누상동 산1-38,37.5801935,126.9624337,2148-2835,배드민턴,-,무,실외
종로구,배드민턴장,무악배드민턴장,종로구 무악동 48,37.5778359,126.9583863,2148-2835,배드민턴,-,무,실외
종로구,배드민턴장,중앙배드민턴장,종로구 사직동 산1-9,37.5770359,126.9656769,2148-2835,배드민턴,-,무,실외
종로구,배드민턴장,숭인공원배드민턴장,종로구 숭인동 58-100,37.5768198,127.0180263,2148-2843,배드민턴,-,무,실외
종로구,배드민턴장,삼청공원배드민턴장,종로구 북촌로 134-3,37.5893704,126.9803132,2148-2842,배드민턴,-,무,실외
종로구,배드민턴장,와룡공원배드민턴장,종로구 와룡공원길 192,37.5897312,126.9871209,2148-2842,배드민턴,-,무,실외
종로구,테니스장,삼청테니스장,종로구 삼청로156,37.5893704,126.9803132,2148-4068,테니스,http://www.ijongno.co.kr,유,실외
중구,체육관,회현체육센터,중구 퇴계로 12길 78,37.5560011,126.9816226,2280-8430,수영 헬스 골프 댄스스포츠 요가 스피닝,http://www.e-junggu.or.kr,유,실내
중구,체육관,충무스포츠센터,중구 퇴계로 387,37.5660139,127.0148131,5580-8400,수영 헬스 골프 댄스 에어로빅 요가 필라테스 발레 배드민턴 탁구 국궁 스피닝,http://www.e-junggu.or.kr,유,실내
중구,체육관,남산문화체육센터,중구 다산로 32,37.5491389,127.0093824,2280-8480,헬스 국선도 에어로빅 요가 필라테스 발레,http://www.e-junggu.or.kr,유,실내
중구,체육관,장충문화체육센터,중구 퇴계로 50길 59,37.5599201,127.001293,2280-8466,헬스,http://www.e-junggu.or.kr,유,실내
중구,체육관,손기정문화체육센터,중구 손기정로 101 ,37.5556652,126.9645497,2280-8460,헬스 골프 에어로빅 밸리댄스 검도 요가 필라테스 탁구,http://www.e-junggu.or.kr,유,실내
중구,테니스장,손기정체육공원테니스장,중구 만리동2가,37.554285,126.96648,313-7985,테니스,-,무,실외
중구,게이트볼장,손기정체육공원게이트볼장,중구 만리동1가 57-7,37.5566797,126.9656754,313-7985,게이트볼,-,무,실외
중구,족구장,손기정체육공원족구장,중구 만리동2가,37.5547643,126.964253,313-7985,족구,-,무,실외
중구,체육관,장충체육관,중구 동호로 241,37.5581465,127.0065932,2128-2800,배구,http://www.sisul.or.kr/,무,실내
중구,체육관,훈련원공원종합체육관,중구 을지로 227,37.5672983,127.0037006,2280-8397,탁구 농구 배구 배드민턴 에어로빅 댄스스포츠 실버댄스,http://www.e-junggu.or.kr,유,실내
중구,체육관,무학봉체육관,중구 난계로6길 8,37.5622347,127.0245439,2280-8426,배드민턴 농구 배구,http://www.e-junggu.or.kr,무,실내
중구,테니스장,KTA장충장호테니스장 ,장충동2가 산14-103,37.55438,127.001957,2280-8426,테니스 (8면),http://www.kortennis.co.kr/index.html,유,실외
중구,야구장,장충리틀야구장,중구 장충동2가 산 7-55,37.5535321,126.9948616,2268-4667,야구,http://www.littleleague.co.kr/,무,실외
중구,국궁장,석호정,중구 장충동2가 산14-21 ,37.5544763,126.9998343,2266-0665,국궁,http://cafe.daum.net/SUKHOJUNG,유,실외
용산구,체육관,용산구문화체육센터,용산구 백범로 350,37.5372099,126.9676133,707-2492,수영 헬스 리듬체조 농구 발레 요가 배드민턴,http://www.yongsangu-sc.or.kr/,유,실내
용산구,체육관,효창종합사회복지관,용산구 효창원로 146-12,37.5412123,126.9629843,716-0600,수영 헬스 요가,https://www.hyochang.or.kr:6017/,유,실내
용산구,체육관,갈월종합사회복지관,용산구 두텁바위로 25,37.5466654,126.9796091,752-7887,수영 헬스 발레 검도 요가 댄스 단전호흡,http://www.galwol.or.kr/,유,실내
용산구,체육관,용산청소년수련관,용산구 이촌로71길 24,37.5211816,126.9732349,749-0102,수영 헬스 에어로빅 필라테스  요가 방송댄스 검도 발레 농구 탁구 리듬체조,http://www.youthpool.or.kr,유,실내
용산구,축구장,이촌한강공원,용산구 이촌동 375-1,37.517906,126.969589,3780-0551,축구,http://hangang.seoul.go.kr/archives/46695,무,실외
용산구,게이트볼장,이촌한강공원,용산구 이촌동 375-1,37.5219225,126.9597682,3780-0551,게이트볼,http://hangang.seoul.go.kr/archives/46695,무,실외
용산구,테니스장,이촌한강공원,용산구 이촌동 360,37.516459,126.985271,794-6610,테니스,http://hangang.seoul.go.kr/archives/46695,무,실외
용산구,족구장,이촌한강공원,용산구 이촌동 360,37.5201563,126.9648856,3780-0551,족구,http://hangang.seoul.go.kr/archives/46695,무,실외
용산구,농구장,이촌한강공원,용산구 이촌동 360,37.5201563,126.9648856,3780-0551,농구,http://hangang.seoul.go.kr/archives/46695,무,실외
용산구,배구장,이촌한강공원,용산구 이촌동 360,37.515693,126.985271,3780-0551,배구,http://hangang.seoul.go.kr/archives/46695,무,실외
용산구,인라인스케이트장,이촌한강공원,용산구 이촌동 361,37.516459,126.973162,790-6385,롤러스케이트 인라인스케이트,http://hangang.seoul.go.kr/archives/46695,무,실외
용산구,테니스장,한남테니스장,용산구 한남동 726-180,37.546854,127.00393,790-3651,테니스,http://www.hannamtennis.com/,유,실외
용산구,배드민턴장,효창공원 배드민턴장,용산구 효창원로 177-18,37.544758,126.962475,713-1410 ,배드민턴,-,무,실외
용산구,게이트볼장,효창공원 게이트볼장,용산구 효창동 255,37.5450249,126.9597415,713-1410 ,게이트볼,-,무,실외
용산구,농구장,효창공원 농구장,용산구 효창동 255,37.5450249,126.9597415,713-1410 ,농구,-,무,실외
용산구,게이트볼장,청파3가 게이트볼장,용산구 청파동3가 118-263,37.543423,126.965976,-,게이트볼,-,무,실외
용산구,배드민턴장,동작대교하부 배드민턴장,용산구 용산동6가 69-11,37.518032,126.983225,-,배드민턴,-,무,실외
용산구,게이트볼장,동작대교하부 게이트볼장,용산구 용산동6가 69-11,37.5179703,126.9832381,-,게이트볼,-,무,실외
성동구,체육관,성동구민종합체육센터,성동구 왕십리로 89,37.5458249,127.0440489,2204-7600,수영 에어로빅 축구 스쿼시 헬스 요가 탁구 농구 검도 필라테스 인라인스케이트 ,http://sports.happysd.or.kr,유,실외
성동구,체육관,열린금호교육문화관,성동구 무수막길 69,37.5522036,127.0203276,2204-7670 ,수영 헬스 댄스 에어로빅 발레 리듬체조 배드민턴 인라인스케이트 요가 필라테스 스피닝,http://sports.happysd.or.kr,유,실외
성동구,체육관,마장국민체육센터,성동구 마조로 11길 6,37.5620828,127.0407557,2204-7670 ,수영 필라테스 발레 요가 줌바댄스 방송댄스 헬스,http://sports.happysd.or.kr,유,실외
성동구,체육관,대현산체육관,성동구 독서당로 63길 44 ,37.5539276,127.030079,2204-7680,배드민턴,http://sports.happysd.or.kr,유,실외
성동구,체육관,금호공원체육관,성동구 장터1길 18,37.5493239,127.0187017,2204-7690,탁구,http://sports.happysd.or.kr,유,실외
성동구,체육관,금호스포츠센터,성동구 금호로 20,37.5455958,127.0250663,2204-7675,배드민턴(12면) 풋살 요가 필라테스,http://sports.happysd.or.kr,유,실외
성동구,배드민턴장,서울숲 배드민턴장,성동구 뚝섬로 273,37.5431644,127.0418547,2286-5211,배드민턴,서울숲.KR,무,실외
성동구,게이트볼장,서울숲 게이트볼장,성동구 뚝섬로 273,37.5431644,127.0418547,2286-5211,게이트볼,서울숲.KR,무,실외
성동구,인라인스케이트장,서울숲 스케이트파크,성동구 뚝섬로 273,37.5431644,127.0418547,2286-5211,인라인스케이트 스케이트보드,-,무,실외
성동구,축구장,서울숲 다목적 경기장,성동구 뚝섬로 273,37.5431644,127.0418547,460-2921,풋살 축구,http://seoulforest.or.kr/ ,무,실외
성동구,농구장,서울숲 농구장,성동구 뚝섬로 273,37.5431644,127.0418547,2286-5211,농구,서울숲.KR,무,실외
성동구,테니스장,서울숲 테니스장,성동구 뚝섬로 273,37.5431644,127.0418547,460-2921,테니스,http://seoulforest.or.kr/ ,무,실외
성동구,풋살장,응봉공원,성동구 금호로 172-1,37.556878,127.0217208,2293-7646,풋살,http://parks.seoul.go.kr/,무,실외
성동구,테니스장,응봉공원,성동구 금호로 172-1,37.556878,127.0217208,2293-7646,테니스(2면),http://parks.seoul.go.kr/,무,실외
성동구,축구장,응봉공원,성동구 금호로 172-1,37.556878,127.0217208,2293-7646,축구,http://parks.seoul.go.kr/,무,실외
성동구,야구장,응봉체육공원,성동구 응봉동 9-5,37.5522289,127.0376497,2204-7600,야구,http://sports.happysd.or.kr,무,실외
성동구,족구장,응봉체육공원,성동구 응봉동 9-5,37.5522289,127.0376497,2286-6090,족구,-,무,실외
성동구,풋살장,응봉체육공원,성동구 응봉동 9-5,37.5522289,127.0376497,2286-6090,풋살,-,무,실외
성동구,농구장,응봉체육공원,성동구 응봉동 9-5,37.5522289,127.0376497,2286-6090,농구,-,무,실외
성동구,게이트볼장,응봉체육공원,성동구 응봉동 9-5,37.5522289,127.0376497,2286-6090,게이트볼,-,무,실외
성동구,테니스장,응봉체육공원,성동구 응봉동 9-5,37.5522289,127.0376497,2204-7600,테니스,http://sports.happysd.or.kr,유,실외
성동구,게이트볼장,송정체육공원,성동구 송정동 73-254,37.553722,127.0671,-,게이트볼,-,무,실외
성동구,축구장,중랑물재생센터,성동구 용답동 246-4,37.5587143,127.0607724,2111-2535,축구,yeyak.seoul.go.kr ,무,실외
성동구,족구장,중랑물재생센터,성동구 용답동 246-4,37.5587143,127.0607724,2111-2535,족구,yeyak.seoul.go.kr ,무,실외
성동구,배드민턴장,중랑물재생센터,성동구 용답동 246-4,37.5587143,127.0607724,2111-2535,배드민턴(3면),yeyak.seoul.go.kr ,무,실외
성동구,테니스장,중랑물재생센터,성동구 용답동 246-4,37.5587143,127.0607724,2111-2535,테니스(1면),yeyak.seoul.go.kr ,무,실외
성동구,농구장,성수구두테마공원,성동구 성수동2가 302-25,37.544765,127.052407,464-2770,농구,-,무,실외
성동구,축구장,살곶이체육공원,성동구 사근동 104,37.553807,127.048259,2286-6090,축구,-,무,실외
성동구,야구장,살곶이체육공원,성동구 사근동 104,37.553807,127.048259,2204-7600,야구,http://sports.happysd.or.kr,무,실외
성동구,수영장,살곶이체육공원,성동구 사근동 104,37.553807,127.048259,2204-7670 ,수영,http://sports.happysd.or.kr,무,실외
성동구,축구장,뚝섬유수지체육공원,성동구 성수동1가 685-61,37.5497448,127.039652,2286-6090,축구,-,무,실외
성동구,농구장,뚝섬유수지체육공원,성동구 성수동1가 685-61,37.5497448,127.039652,2286-6090,농구,-,무,실외
성동구,족구장,뚝섬유수지체육공원,성동구 성수동1가 685-61,37.5497448,127.039652,2286-6090,족구,-,무,실외
성동구,인라인스케이트장,뚝섬유수지체육공원 ,성동구 성수동1가 685-61,37.5497448,127.039652,2286-6090,인라인스케이트,-,무,실외
성동구,배드민턴장,뚝섬유수지체육공원,성동구 성수동1가 685-61,37.5497448,127.039652,2286-6090,배드민턴,-,무,실외
성동구,테니스장,응봉테니스장,성동구 응봉동 240-1,37.5511225,127.0362233,2282-7600,테니스(5면),http://sports.happysd.or.kr,유,실외
성동구,테니스장,마장테니스장,성동구 마장동 832,37.5640925,127.0389211,2282-7200,테니스,http://sports.happysd.or.kr,유,실외
광진구,체육관,광진구민체육센터,광진구 구천면로 14 ,37.5461603,127.1065423,2049-4800,수영 헬스 골프 스크린골프 축구 농구 야구 탁구 배드민턴 에어로빅 스피닝 댄스 요가 필라테스,http://gumin.gwangjin.or.kr/,유,실내
광진구,체육관,광진문화예술회관,광진구 능동로 76,37.5373529,127.0705248,2049-4570,수영 헬스 골프 스피닝,http://gjart.gwangjin.or.kr/,유,실내
광진구,체육관,중곡문화체육센터,광진구 능동로 433,37.5677533,127.0847135,3408-4900,수영 헬스 농구(1면) 축구 탁구 배드민턴(6면) 배구(1면) 요가 필라테스,http://jgsports.gwangjin.or.kr/,유,실내
광진구,체육관,광진청소년수련관 농구장,광진구 구천면로 2,37.5461603,127.1065423,2204-3100,농구,http://www.seekle.or.kr/index.html,유,실외
광진구,축구장,뚝섬한강공원,광진구 자양동 704-3,37.528161,127.075835,453-3028,축구,http://hangang.seoul.go.kr/archives/46661,무,실외
광진구,족구장,뚝섬한강공원,광진구 자양동 422,37.5277575,127.0762385,3780-0521,족구,http://hangang.seoul.go.kr/archives/46661,무,실외
광진구,농구장,뚝섬한강공원,광진구 자양동 422,37.5277575,127.0762385,3780-0521,농구,http://hangang.seoul.go.kr/archives/46661,무,실외
광진구,수영장,뚝섬한강공원,광진구 자양동 704-3,37.529825,127.067039,452-5955,수영,http://hangang.seoul.go.kr/archives/46661,무,실외
광진구,배드민턴장,뚝섬한강공원,광진구 자양동 427-22,37.528537,127.0738405,3780-0521,배드민턴,http://hangang.seoul.go.kr/archives/46661,무,실외
광진구,테니스장,뚝섬한강공원,광진구 자양동 410-1,37.5278859,127.0753793,3780-0521,테니스,http://hangang.seoul.go.kr/archives/46661,무,실외
광진구,축구장,어린이대공원 잔디축구장,광진구 능동 18,37.549363,127.0818126,450-9356,축구,-,무,실외
광진구,풋살장,어린이대공원 풋살장,광진구 능동 18,37.549363,127.0818126,450-9356,풋살,-,무,실외
광진구,테니스장,어린이대공원 테니스장,광진구 능동 18,37.549363,127.0818126,450-9356,테니스,-,무,실외
광진구,테니스장,어린이대공원 실내테니스장,광진구 능동 18,37.549363,127.0818126,450-9356,테니스,-,무,실내
광진구,간이운동장,아차산배수지체육시설,광진구 구의동 천호대로 731 ,37.5486303,127.0958048,3437-7234,축구 풋살 다목적구장 농구 테니스(4면) 정구장(2면),http://stadium.gwangjin.or.kr/,무,실외
광진구,인라인스케이트장,광장동체육공원,광진구 광장동 아차산로 586,37.5478086,127.1052825,2049-4800,인라인스케이트 간이운동시설,gumin.gwangjin.or.kr/,무,실외
광진구,배드민턴장,광장동실내배드민턴장,광진구 천호대로140길 40,37.544382,127.1001834,458-9062,배드민턴,http://minton.gwangjin.or.kr/,유,실내
동대문구,체육관,동대문구민체육센터,동대문구 장안벚꽃로 67,37.5668194,127.0739112,2247-9772,수영 헬스 배드민턴 유도 인라인스케이트 방송댄스 농구,http://www.dfmc.kr,유,실내
동대문구,체육관,동대문구체육관,동대문구 답십리로 210-3,37.5722643,127.0639667,2247-9611,배드민턴 인라인스케이트 탁구 요가 필라테스 방송댄스,http://www.dfmc.kr,유,실내
동대문구,체육관,이문체육문화센터,동대문구 한천로58길 81-49,37.6022252,127.0686956,963-0534,헬스 배드민턴 농구 탁구 필라테스 테니스 골프,http://www.dfmc.kr,유,실내
동대문구,체육관,동대문 청소년수련관,동대문구 제기로 33길 25   ,37.5872685,127.0499878,3295-1478,수영 헬스 농구 에어로빅,http://www.ddmy.or.kr/,유,실내
동대문구,체육관,동대문종합사회복지관,동대문구 약령시로 5길 22,37.5839428,127.0342231,920-4500,수영 에어로빅 요가 발레 배드민턴 줌바댄스,http://www.communitycenter.or.kr/,유,실내
동대문구,테니스장,장평테니스장,동대문구 장안벚꽃로 67,37.5668194,127.0739112,2247-9772,테니스(3면),www.dfmc.kr,유,실외
동대문구,농구장,간데메공원 농구장,동대문구 서울시립대로2길 59 ,37.573581,127.048663,2249-2770,농구,-,무,실외
동대문구,수영장,동대문구 야외수영장,동대문구 장안동 20-5,37.5681263,127.0761511,2247-9772,수영장,-,무,실외
중랑구,체육관,중랑구민체육센터,중랑구 신내로15길 189,37.6151721,127.0874763,3423-1070,수영 헬스 에어로빅 댄스 배드민턴 요가,http://jungnangspo.seoul.kr,유,실내
중랑구,체육관,중랑문화체육관,중랑구 사가정로72길 47,37.5792399,127.0959499,436-9200,수영 헬스 에어로빅 댄스 배드민턴 요가,http://jungnangspo.seoul.kr,유,실내
중랑구,배드민턴장,묵동다목적체육관,중랑구 숙선옹주로 66,37.6144169,127.0842018,949-5577,배드민턴,http://www.jungnangimc.or.kr/,유,실내
중랑구,배드민턴장,신내다목적체육관,중랑구 신내로 21길 115-14,37.6112146,127.0894479,3422-4350,배드민턴(8면),http://www.jungnangimc.or.kr/,유,실내
중랑구,축구장,용마폭포공원축구장,중랑구 용마산로 250-12,37.5733026,127.0891138,436-3466,축구,http://www.jungnangimc.or.kr/,무,실외
중랑구,축구장,신내차량기지체육시설,중랑구 용마산로 136-33,37.6115753,127.1077606,432-4453,축구장,http://www.jungnangimc.or.kr/,무,실외
중랑구,야구장,신내차량기지체육시설,중랑구 용마산로 136-33,37.6115753,127.1077606,432-4453,야구장,http://www.jungnangimc.or.kr/,무,실외
중랑구,체육관,망우청소년수련관,중랑구 송림길 156,37.6058844,127.1088479,492-7942,수영 헬스 에어로빅 배드민턴 발레 농구 축구,http://http://mangwoo.kr/,유,실내
중랑구,클라이밍장,중랑스포츠클라이밍경기장,중랑구 용마산로 250-12,37.5733026,127.0891138,070-4193-6108,클라이밍,http://cafe.daum.net/juscs,유,실외
중랑구,체육관,중랑구민체육센터,중랑구 신내로 15길 189,37.6151721,127.0874763,3423-1070,수영 헬스,http://jungnangspo.seoul.kr/,유,실내
중랑구,체육관,면목2동체육관,중랑구 겸재로 23길 27,37.5878763,127.0808914,495-5200,에어로빅 줌바댄스 요가 밸리댄스 탁구,http://jungnangspo.seoul.kr/,유,실내
중랑구,체육관,중랑청소년수련관,중랑구 용마산로 217,37.573171,127.0858392,490-0114 ,헬스 골프 밸리댄스 줌바댄스 요가,http://www.jjang.or.kr/jjang/,유,실내
중랑구,수영장,중랑천물놀이시설,중랑구 면목동 중랑천 장안교 ,37.580646,127.0773483,435-0990,수영,http://jungnangimc.or.kr/,무,실외
중랑구,축구장,용마폭포공원축구장,중랑구 용마산로 250-12,37.5733026,127.0891138,436-3466,축구,http://jungnangimc.or.kr/,무,실외
중랑구,테니스장,용마폭포공원테니스장,중랑구 용마산로 250-12,37.5733026,127.0891138,436-6543,테니스,http://www.jungnangimc.or.kr/,유,실외
중랑구,축구장,중랑구립잔디운동장,중랑구 망우동 73-2,37.6068611,127.1130279,2094-2949,축구,http://jungnangimc.or.kr/,무,실외
성북구,체육관,성북종합레포츠타운,성북구 한천로58길 30,37.6095158,127.0699065,6917-1100,수영 골프 스쿼시 헬스 풋살 족구,http://www.gongdan.go.kr/gongdan/sb_reports/intro/intro.jsp,유,실내
성북구,체육관,개운산스포츠센터,성북구 북악산로 949-60,37.5968341,127.0262406,925-9960,수영 헬스,https://web.facebook.com/Youngma Climbing Park/,유,실내
성북구,체육관,성북구민체육관,성북구 성북동 2-1,37.5922983,127.0037807,909-3497,헬스 인라인스케이트 밸리댄스 탁구 농구,http://www.gongdan.go.kr/,무,실내
성북구,체육관,해오름휘트니스센터,성북구 성북로4길 52,37.5947663,127.0104379,6925-7003,헬스 요가 줌바댄스 태보 발레,http://www.gongdan.go.kr/,유,실내
성북구,간이운동장,정릉북악체육시설,성북구 정릉동 산87-357,37.6098905,126.9941692,909-3497,테니스 배드민턴 게이트볼,http://www.gongdan.go.kr/,무,실외
성북구,배드민턴장,성북구민체육관(월곡배드민턴장),성북구 화랑로 13길 144,37.6106079,127.0403978,909-3497,배드민턴,http://www.gongdan.go.kr/,유,실내
성북구,테니스장,성북구민체육관(월곡테니스장),성북구 화랑로 13길 144,37.6106079,127.0403978,909-3497,테니스,http://www.gongdan.go.kr/,무,실외
성북구,족구장,정릉족구장,성북구 정릉동 산87-372,37.6073218,127.0039598,6925-7003,족구,http://www.gongdan.go.kr/,무,실외
성북구,테니스장,정릉테니스장,성북구 정릉동 산87-357,37.6098905,126.9941692,6925-7003,테니스,http://www.gongdan.go.kr/,무,실외
성북구,축구장,월곡인조잔디축구장,성북구 화랑로 13길 144,37.6106079,127.0403978,909-3497,축구,http://www.gongdan.go.kr/,무,실외
성북구,축구장,월곡구민운동장,성북구 화랑로13길 144,37.6106079,127.0403978,909-3497,축구,http://www.gongdan.go.kr/,무,실외
성북구,풋살장,석관풋살장,성북구 석관동 27-7,37.6083629,127.0701538,6917-1100,풋살,http://www.gongdan.go.kr/,무,실외
성북구,족구장,석관족구장,성북구 석관동 14-5,37.6105908,127.0693037,6917-1100,족구,http://www.gongdan.go.kr/,무,실외
성북구,골프연습장,북악골프연습장,성북구 북악산로 537-14,37.6025709,126.9980322,919-4040,골프,http://www.gongdan.go.kr/,유,실내외
강북구,체육관,강북웰빙스포츠센터,강북구 오현로 31길 51,37.6303938,127.0377586,944-2901,수영 헬스 스쿼시 에어로빅 필라테스 요가  검도,http://www.gangbukcmc.seoul.kr/,유,실내
강북구,체육관,강북문화예술회관,강북구 삼각산로 85,37.640776,127.01311,944-3000,수영 헬스 단전호흡 ,http://www.gangbukcmc.seoul.kr/,유,실내
강북구,간이운동장,강북구민운동장,강북구 오현로 187-25 ,37.6295726,127.037716,944-2914,족구 농구 축구,http://www.gangbukcmc.seoul.kr/,무,실외
강북구,체육관,강북청소년수련관,강북구 4.19로 74 ,37.645936,127.0063804,6715-6611,수영 헬스 클라이밍 농구 검도 인라인스케이트,http://nanna.seoul.kr/,유,실내
강북구,배드민턴장,오동근린공원 실내배드민턴장,강북구 덕릉로42길 49,37.6328736,127.0320437,944-2912,배드민턴(8면),http://www.gangbukcmc.seoul.kr/,유,실내
강북구,족구장,오동근린공원 족구장,강북구 번2동 산25-2,37.6284908,127.038191,901-6923,족구장,http://parks.seoul.go.kr/parks/,무,실외
강북구,골프연습장,오동골프클럽,강북구 오현로 117 ,37.6225862,127.0362994,944-2912,골프,http://www.gangbukcmc.seoul.kr/,유,실내외
도봉구,체육관,창동문화체육센터,도봉구 노해로69길 132,37.6582713,127.0506149,901-5000,골프수영헬스,http://www.dobongsiseol.or.kr/index_sport.html,유,실내
도봉구,배드민턴장,창동배드민턴장,도봉구 노해로 69길 132 ,37.6582713,127.0506149,901-5049,배드민턴,https://www.dobongsiseol.or.kr/,유,실내
도봉구,체육관,도봉구민회관,도봉구 도봉로 552,37.6540005,127.0386044,901-5160,에어로빅 댄스스포츠 요가 국선도,http://www.dobongsiseol.or.kr/,유,실내
도봉구,배드민턴장,초안산실내배드민턴장,도봉구 덕릉로 63길 76-10,37.6447498,127.0409457,901-5125,배드민턴,https://www.dobongsiseol.or.kr/,유,실내
도봉구,수영장,도봉실내수영장,도봉구 도봉로 180 나길41,37.6857879,127.0479503,901-5170,수영,https://www.dobongsiseol.or.kr/,유,실내
도봉구,배드민턴장,도봉실내배드민턴장,도봉구 도봉2동 84-6 ,37.6814387,127.0503481,901-5180,배드민턴,https://www.dobongsiseol.or.kr/,유,실내
도봉구,축구장,초안산 창골인조잔디구장,도봉구 해등로3길 48-11,37.6474261,127.0414291,907-0099,축구,-,무,실외
도봉구,농구장,창동산 농구장,도봉구 창동 산137-52,37.6441026,127.0413585,-,농구,-,무,실외
도봉구,농구장,쌍문근린공원,도봉구 쌍문동 산 80-1,37.6541919,127.0290879,2289-8597,농구,-,무,실외
도봉구,풋살장,초안산 풋살경기장,도봉구 해등로3길 48-11,37.6474261,127.0414291,2289-8578,풋살,-,무,실외
도봉구,배드민턴장,다락원체육공원,도봉구 창포원로 45,37.6893266,127.0480981,901-5190,배드민턴,http://yeyak.dobongsiseol.or.kr/rent/application/index/2018/08/05/1/DOBONG05,유,실외
도봉구,테니스장,다락원체육공원,도봉구 창포원로 45,37.6893266,127.0480981,901-5190,테니스 (실내3면 실외5면),http://yeyak.dobongsiseol.or.kr/rent/application/index/2018/08/05/1/DOBONG05,유,실외
도봉구,축구장,다락원체육공원,도봉구 창포원로 45,37.6893266,127.0480981,901-5190,축구,http://yeyak.dobongsiseol.or.kr/rent/application/index/2018/08/05/1/DOBONG05,유,실외
도봉구,게이트볼장,도봉게이트볼장,도봉구 도봉2동 84-3,37.6814902,127.0504324,2289-8578,게이트볼,-,무,실외
도봉구,체육관,대우스포츠센터,도봉구 덕릉로63가길 61,37.6423565,127.0375024,904-9633,수영 스피닝 요가,https://daewoosports.modoo.at/,유,실내
노원구,체육관,월계문화체육센터,노원구 월계로 298,37.6285057,127.0567724,2289-6870,수영 헬스 배드민턴 탁구 농구 축구 인라인스케이트 요가 필라테스 야구 ,http://gongdan.nowon.kr/culturebusiness/wolgae/info.html,유,실내
노원구,체육관,노원구민체육센터,노원구 노원로22길 1,37.6481175,127.0706261,2289-6800,수영 헬스 배드민턴 탁구 농구 축구 인라인스케이트 야구 검도 요가 필라테스,http://gongdan.nowon.kr/culturebusiness/nowon/info.html,유,실내
노원구,축구장,마들스타디움 축구장,노원구 덕릉로 450,37.6438715,127.0585375,2289-6855,축구,http://gongdan.nowon.kr/,무,실외
노원구,테니스장,마들스타디움 테니스장,노원구 덕릉로 450,37.6438715,127.0585375,2289-6854,테니스,http://gongdan.nowon.kr/,유,실외
노원구,배드민턴장,불암산배드민턴장,노원구 중계로 36,37.6391199,127.0840075,2289-6856,배드민턴,http://gongdan.nowon.kr/,유,실내
노원구,론볼장,불암산론볼장,노원구 중계로 36,37.6391199,127.0840075,2289-6854,론볼,http://gongdan.nowon.kr/,무,실외
노원구,축구장,불암산축구장,노원구 중계로 36,37.6391199,127.0840075,2289-6854,축구,http://gongdan.nowon.kr/,무,실외
노원구,야구장,불암산야구장,노원구 중계로 36,37.6391199,127.0840075,2289-6854,야구,http://gongdan.nowon.kr/,무,실외
노원구,테니스장,불암산테니스장,노원구 중계로 36,37.6391199,127.0840075,2289-6854,테니스,http://gongdan.nowon.kr/,무,실외
노원구,풋살장,불암산풋살장,노원구 중계로 36,37.6391199,127.0840075,2289-6854,풋살,http://gongdan.nowon.kr/,무,실외
노원구,족구장,불암산족구장,노원구 중계로 36,37.6391199,127.0840075,2289-6854,족구,http://gongdan.nowon.kr/,무,실외
노원구,배드민턴장,월계배드민턴장,노원구 마들로 5가길 113,37.6383233,127.0519475,2289-6863,배드민턴,http://gongdan.nowon.kr/,유,실내
노원구,축구장,초안산축구장,노원구 마들로 5가길 113,37.6383233,127.0519475,2289-6855,축구,http://gongdan.nowon.kr/,무,실외
노원구,테니스장,초안산테니스장,노원구 마들로 5가길 113,37.6383233,127.0519475,2289-6854,테니스,http://gongdan.nowon.kr/,무,실외
노원구,풋살장,초안산풋살장,노원구 마들로 5가길 113,37.6383233,127.0519475,2289-6854,풋살,http://gongdan.nowon.kr/,무,실외
노원구,배드민턴장,당고개배드민턴장,노원구 상계로 273,37.6645066,127.0737934,2289-6864,배드민턴,http://gongdan.nowon.kr/,유,실내
노원구,풋살장,당고개풋살장,노원구 상계34동 산 158-1,37.6758576,127.0883127,2289-6854,풋살,http://gongdan.nowon.kr/,무,실외
노원구,골프연습장,중랑천파크골프장,노원구 월계동 230-10 ,37.6372286,127.058363,2116-4168,골프,http://www.nowon.kr/,무,실외
노원구,야구장,육사야구장,노원구 공릉동 25-5외 3필지,37.629688,127.0979415,2289-6854,야구,http://gongdan.nowon.kr/,무,실외
노원구,간이운동장,공릉동다목적구장,노원구 화랑로 51길 17,37.6234019,127.0884994,2289-6854,풋살,http://gongdan.nowon.kr/,무,실외
노원구,수영장,중랑천워터파크,노원구 상계동 770-6,37.6444435,127.056264,2289-6854,수영,http://gongdan.nowon.kr/,무,실외
노원구,축구장,노해근린공원 축구장,노원구 중계1동 360-18,37.6481175,127.0706261,2116-3942,축구,http://www.nowon.kr/new/green/green.jsp?mid=540130,무,실외
노원구,사격장,공릉중학교내사격장,노원구 노원로1길 42,37.6222083,127.0837653,971-5212 ,사격,http://kongrung.ms.kr/,무,실내
노원구,빙상장,광운대학교,노원구 광운로 20,37.6194277,127.05982,909-3114,빙상장,http://icerink.kw.ac.kr/,유,실내
노원구,체육관,동천재활체육센터,노원구 노원로18길 41 ,37.644436,127.0733938,949-9114,헬스 실내빙상장,http://www.dcsports.co.kr/,유,실내
은평구,체육관,은평다목적체육관,은평구 진관1로 52,37.6335071,126.9260151,350-5325,배드민턴 농구 배구 탁구,http://www.efmc.or.kr/public_html/sports/,유,실내
은평구,체육관,은평구민체육센터,은평구 진관1로 40 ,37.6304386,126.9236287,350-5333,댄스 태권도,http://www.efmc.or.kr/public_html/sports/,유,실내
은평구,축구장,은평구립축구장,은평구 진관1로 46 ,37.6305699,126.9246861,350-5333,축구,http://www.efmc.or.kr/public_html/sports/,유,실외
은평구,수영장,은평구민체육센터,은평구 진관1로 40 ,37.6304386,126.9236287,350-5333,수영,http://www.efmc.or.kr/public_html/sports/,유,실내
은평구,골프연습장,은평구민체육센터,은평구 진관1로 40 ,37.6304386,126.9236287,350-5333,골프,http://www.efmc.or.kr/public_html/sports/,유,실내
은평구,테니스장,은평구민체육센터,은평구 진관1로 40 ,37.6304386,126.9236287,350-5333,테니스,http://www.efmc.or.kr/public_html/sports/,유,실외
은평구,배드민턴장,백련실내배드민턴장,은평구 백련산로 4길 26,37.5957943,126.9247225,350-5333,배트민턴,http://www.efmc.or.kr/public_html/sports/,무,실내
은평구,축구장,은평구생활체육광장,은평구 증산로5길 35-27,37.5843135,126.9032884,351-6554,축구,https://cult.ep.go.kr/CmsWeb/viewPage.req?idx=PG0000003348,무,실외
은평구,농구장,은평구생활체육광장,은평구 증산로5길 35-27,37.5843135,126.9032884,351-8007,농구,https://cult.ep.go.kr/CmsWeb/viewPage.req?idx=PG0000003349,무,실외
은평구,족구장,은평구생활체육광장,은평구 증산로5길 35-27,37.5843135,126.9032884,351-8007,족구,https://cult.ep.go.kr/CmsWeb/viewPage.req?idx=PG0000003350,무,실외
은평구,배구장,은평구생활체육광장,은평구 증산로5길 35-27,37.5843135,126.9032884,351-8007,배구,https://cult.ep.go.kr/CmsWeb/viewPage.req?idx=PG0000003351,무,실외
은평구,풋살장,증산풋살구장,은평구 증산로5길 35-27,37.5843135,126.9032884,351-6554,풋살,https://cult.ep.go.kr/CmsWeb/viewPage.req?idx=PG0000003352,무,실외
은평구,풋살장,진관풋살구장,은평구 진관동 246-20,37.629995,126.9165091,351-6554,풋살,https://cult.ep.go.kr/CmsWeb/viewPage.req?idx=PG0000003353,무,실외
은평구,테니스장,장미동산테니스장,은평구 진흥로 290,37.6065933,126.9391849,351-8007,테니스,https://cult.ep.go.kr/CmsWeb/viewPage.req?idx=PG0000003354,무,실외
은평구,게이트볼장,장미동산게이트볼장,은평구 진흥로 290,37.6065933,126.9391849,351-8004,게이트볼,https://cult.ep.go.kr/CmsWeb/viewPage.req?idx=PG0000003355,무,실외
은평구,게이트볼장,신사근린공원 게이트볼장,은평구 신사2동 산80-4 ,37.5918604,126.909889,351-8007,게이트볼,https://cult.ep.go.kr/CmsWeb/viewPage.req?idx=PG0000003356,무,실외
은평구,게이트볼장,기자촌근린공원 게이트볼장,은평구 진관동 175-104,37.6324813,126.9368536,351-8007,게이트볼,https://cult.ep.go.kr/CmsWeb/viewPage.req?idx=PG0000003357,무,실외
노원구,골프연습장,공릉동근린공원,노원구 공릉동 63-1,37.6207689,127.087187,,골프,http://gongdan.nowon.kr/,무,실외
은평구,게이트볼장,진관게이트볼장,은평구 진관동 16-20 ,37.6444095,126.9308276,351-8007,게이트볼,https://cult.ep.go.kr/CmsWeb/viewPage.req?idx=PG0000003358,무,실외
서대문구,체육관,서대문문화체육회관,서대문구 백련사길 39,37.581584,126.931969,330-1130,수영 골프 배드민턴 축구 에어로빅 요가 줌바댄스 헬스 단전호흡 순환운동,http://www.sscmc.or.kr/,유,실내
서대문구,체육관,궁동산체육관,서대문구 연희로11마길 86-47,37.5714502,126.9253081,330-1130,배드민턴,http://www.sscmc.or.kr/,유,실내
서대문구,축구장,서대문구립 인조잔디구장,서대문구 백련사길 39,37.580081,126.930585,330-1130,축구,http://www.sscmc.or.kr/,무,실외
서대문구,축구장,서대문돌산 인조잔디구장,서대문구 홍은1동 10-305,37.602831,126.945937,376-3155,축구,http://academy.fcseoul.com/,무,실외
서대문구,농구장,홍제농구장,서대문구 홍제동 280-9,37.5949801,126.949274,330-1130,농구,-,무,실외
서대문구,배드민턴장,금화배드민턴장,서대문구 봉원동 산3-8,37.5699572,126.9473163,330-1129,배드민턴,-,무,실내
서대문구,배드민턴장,홍제배드민턴장,서대문구 홍제동 280-9,37.5949801,126.949274,330-1130,배드민턴,-,무,실내
서대문구,테니스장,홍은테니스장,서대문구 홍은1동 산1-551,37.5968766,126.9402809,330-1130,테니스,-,무,실외
서대문구,테니스장,현저테니스장,서대문구 현저동 101-313,37.5735117,126.95227,330-1130,테니스,-,무,실외
서대문구,테니스장,가좌테니스장,서대문구 홍은2동 산26-170,37.5825535,126.9295629,330-1130,테니스,-,무,실외
서대문구,게이트볼장,궁동게이트볼장,서대문구 연희동 196-8,37.5739585,126.9308531,330-1130,게이트볼,-,무,실외
서대문구,게이트볼장,홍제게이트볼장,서대문구 홍제3동 278-14,37.5946801,126.9477665,330-1130,게이트볼,-,무,실외
서대문구,체육관,북성스포츠센터,서대문구 북아현로5나길 84,37.559433,126.951959,363-9633,수영 골프,http://www.wbc4u.com/html/center/centerView.html?SPT_SISUL_TYPE=ALL&SSB_CD=SBAT17060017,유,실내
마포구,체육관,염리생활체육관,마포구 염리동 174-3,37.5419184,126.94518,3272-9401,배드민턴 탁구 농구 리듬체조 축구 풋살 요가 필라테스 에어로빅,http://mapogym.or.kr/,유,실내
마포구,체육관,성미산체육관,마포구 성산동 산12-1,37.562633,126.911946,324-9877,배드민턴 요가 필라테스 발레,http://mapogym.or.kr/,유,실내
마포구,체육관,마포구민체육센터,마포구 망원동 450-3,37.556726,126.897139,324-7800,배드민턴 탁구 농구  볼링 헬스 요가 필라테스 댄스 발레 리듬체조 풋살 ,http://www.maposc.or.kr/,유,실내
마포구,체육관,마포주민편익시설,마포구 월드컵로 25길 190,37.557815,126.9041813,374-0400,골프 헬스,http://www.mfmc.or.kr,유,실내
마포구,축구장,난지천인조잔디축구장,서울 마포구 성산동 390-1,37.5642503,126.8975812,3153-9874,축구,yeyak.seoul.go.kr ,무,실외
마포구,배드민턴장,와우산 배드민턴장,와우산로 30길 81,37.551405,126.928655,3153-8131,배드민턴,www.mfmc.or.kr,무,실내
마포구,축구장,마포 난지천 인조잔디 축구장,마포구 상암동 1538,37.5714779,126.8875503,3153-9874,축구,https://yeyak.seoul.go.kr/,무,실외
마포구,배드민턴장,망원동 배드민턴장,동교로1길 73,37.5535839,126.8997121,3153-8131,배드민턴,www.mfmc.or.kr,무,실내
마포구,농구장,망원유수지체육공원,마포구 월드컵로25길 190,37.557815,126.9041813,3153-9874,농구,https://www.mapo.go.kr/,무,실외
마포구,축구장,망원유수지체육공원,마포구 월드컵로25길 190,37.557815,126.9041813,3153-9874,축구,https://www.mapo.go.kr/,무,실외
마포구,풋살장,망원유수지체육공원,마포구 월드컵로25길 190,37.557815,126.9041813,337-7319,풋살,https://www.mapo.go.kr/,무,실외
마포구,축구장,서울월드컵경기장,마포구 월드컵로 240,37.5677584,126.8981147,2128-2002,축구,http://www.sisul.or.kr/open_content/worldcup,무,실외
마포구,풋살장,서울월드컵경기장 풋살구장,마포구 성산동 산 53-28,37.5725413,126.8985231,2128-2973,풋살,http://www.sisul.or.kr/open_content/worldcup,무,실외
마포구,농구장,월드컵공원다목적구장,마포구 상암동 1538,37.5714779,126.8875503,300-5576,농구,https://yeyak.seoul.go.kr/,무,실외
마포구,야구장,망원 어린이 야구장,마포구 마포나루길 407,37.5546098,126.8957099,333-4125,야구,https://korean.visitseoul.net/attractions/,무,실외
마포구,야구장,난지야구장,마포구 하늘공원로 108-1,37.5682586,126.8755733,3780-0808,야구,https://yeyak.seoul.go.kr/,무,실외
마포구,게이트볼장,망원동 게이트볼장,마포구 망원1동 460-5,37.5535839,126.8997121,3153-8126,게이트볼,-,무,실외
마포구,골프연습장,월드컵파크골프장,마포구 하늘공원로 84,37.5674467,126.885455,304-3212,골프,-,무,실외
마포구,산악자전거체험장,난지한강공원 산악자전거체험장,마포구 상암동 482-154,37.5651713,126.8808458,3780-0611,산악자전거,-,무,실외
마포구,축구장,망원한강공원,마포구 망원동 205-5,37.5546098,126.8957099,333-4125,축구,http://hangang.seoul.go.kr/archives/3565,무,실외
마포구,농구장,망원한강공원,마포구 마포나루길 407,37.5546098,126.8957099,3780-0601,농구,https://korean.visitseoul.net/attractions/,무,실외
마포구,수영장,망원한강공원,마포구 망원동 312-6,37.55716,126.892484,322-6302,수영,http://hangang.seoul.go.kr/archives/3565,무,실외
마포구,배구장,망원한강공원,마포구 망원동 205-5,37.5546098,126.8957099,3780-0601,배구,http://hangang.seoul.go.kr/archives/3565,무,실외
마포구,테니스장,망원한강공원,마포구 망원동 205,37.551907,126.899686,3780-0601,테니스,http://hangang.seoul.go.kr/archives/3565,무,실외
마포구,족구장,망원한강공원,마포구 용강동 497-1,37.5411162,126.9376782,3780-0601,족구,http://hangang.seoul.go.kr/archives/3565,무,실외
마포구,농구장,난지한강공원,마포구 한강난지로 162,37.5661241,126.8794664,3780-0611,농구,http://hangang.seoul.go.kr/archives/3565,무,실외
마포구,야구장,난지한강공원,마포구 상암동 하늘공원로 108-1,37.567408,126.875071,3780-0611,야구,http://hangang.seoul.go.kr/archives/3565,무,실외
마포구,족구장,난지한강공원,마포구 한강난지로 162,37.5661241,126.8794664,3780-0611,족구,http://hangang.seoul.go.kr/archives/3565,무,실외
마포구,체육관,창천스포츠센터,마포구 백범로 1길 56,37.5548546,126.9393201,714-9633,수영 헬스,www.ccsports.co.kr ,유,실내
마포구,체육관,한국우진학교,마포구 월드컵북로 38길 21,37.5710794,126.9036093,304-6255,수영 헬스 요가,http://www.woojin.sc.kr/,유,실내
양천구,체육관,양천구민체육센터,양천구 목동동로 87,37.5161786,126.8644212,2652-1792,헬스 수영 탁구 요가 필라테스 농구 배드민턴 인라인 축구 검도,http://www.ycs.or.kr/,유,실내
양천구,체육관,신월문화체육센터,양천구 지양로 47,37.5199255,126.8348562,2605-4093-5,수영 배드민턴 농구 축구 인라인 요가 에어로빅 줌바댄스,http://www.ycs.or.kr/,유,실내
양천구,체육관,목동문화체육센터,양천구 목동중앙본로 73,37.5427705,126.8690841,2062-1862~4,수영 헬스 골프 요가 필라테스,http://www.ycs.or.kr/,유,실내
양천구,체육관,계남다목적체육관,양천구 신정로 273-5,37.5130177,126.850537,2606-9301~2,배드민턴,http://www.ycs.or.kr/,유,실내
양천구,육상경기장,목동종합운동장 주경기장,양천구 안양천로 939,37.5305809,126.8810483,2652-3888,축구,http://stadium.seoul.go.kr/,무,실외
양천구,축구장,목동다목적경기장,양천구 안양천로 939,37.5283271,126.8800082,2649-7143,축구풋살,http://stadium.seoul.go.kr/,무,실외
양천구,다목적운동장,용왕산근린공원 다목적운동장,양천구 목동중앙로 143,37.5436283,126.8779655,2620-3570,축구,-,무,실외
양천구,야구장,목동야구장,양천구 안양천로 939,37.5305809,126.8810483,2640-3808,야구,http://stadium.seoul.go.kr/,무,실외
양천구,배드민턴장,용왕산실내배드민턴장,양천구 용왕정길 목동 202-16,37.5436283,126.8779655,2620-3400,배드민턴,-,무,실내
양천구,야구장,신월야구장,양천구 신월동 149-20 ,37.5303487,126.8267642,2699-6407,야구,stadium.seoul.go.kr ,무,실외
양천구,족구장,오목교족구장,영등포구 양평동 488,37.5249456,126.8805578,2670-3522,족구,https://yeyak.seoul.go.kr/,무,실외
양천구,빙상장,목동종합운동장 목동아이스링크,양천구 안양천로 939,37.5305809,126.8810483,2652-3888,스케이트,http://www.mdicerink.co.kr/,유,실내
양천구,테니스장,목동테니스장,양천구 목동동로 298,37.5286789,126.8785006,2643-0686,테니스,http://www.ycs.or.kr/,유,실외
양천구,족구장,안양천체육생태공원,양천구 신정2동,37.52041,126.879192,860-3114,족구,http://www.guro.go.kr/culture/sports/,무,실외
양천구,인라인스케이트장,안양천체육생태공원,양천구 신정2동,37.52041,126.879192,860-3114,인라인스케이트,http://www.guro.go.kr/culture/sports/,무,실외
양천구,농구장,안양천체육생태공원,양천구 신정2동,37.52041,126.879192,860-3114,농구,http://www.guro.go.kr/culture/sports/,무,실외
양천구,간이운동장,해누리체육공원,양천구 안양천로 711,37.5283271,126.8800082,2652-3453,축구 풋살 족구,http://www.ycs.or.kr/,유,실외
강서구,게이트볼장,서남물재생센터공원,강서구 양천로 201,37.577972,126.820271,3661-1936,게이트볼,-,무,실외
강서구,풋살장,서남물재생센터공원,강서구 양천로 201,37.577124,126.820716,3661-1936,풋살,-,무,실외
강서구,축구장,서남물재생센터공원,강서구 양천로 201,37.5764563,126.813873,3661-1936,축구,http://football.seonam.seoul.kr/,무,실외
강서구,농구장,서남물재생센터공원,강서구 양천로 201,37.57649,126.822494,3661-1936,농구,-,무,실외
강서구,탁구장,서남물재생센터탁구장,강서구 마곡동 202번지,37.5740018,126.8229903,3661-1936,탁구대 5면,-,유,실내
강서구,족구장,양천로족구장,강서구 방화동 54-5,37.5835919,126.8190645,-,족구,-,무,실외
강서구,테니스장,서남물재생센터공원테니스장,강서구 마곡동 202번지,37.574421,126.824228,3660-2254,테니스코트 14면,http://tennis.seonam.seoul.kr/,유,실외
강서구,체육관,가양레포츠센터,강서구 양천로 61길 101,37.5619849,126.863732,6741-0331,농구 탁구 축구장 배드민턴 리듬체조 축구 족구장,http://www.gssi.or.kr/,유,실내
강서구,체육관,강서구민 올림픽체육센터,강서구 화곡로 65길 62,37.5596266,126.8505729,3662-9082,헬스 배드민턴 골프 필라테스 유도 배드민턴 요가 탁구 줌바댄스 수영 농구 검도 에어로빅 인라인,http://www.gssi.or.kr/,유,실내
강서구,체육관,공항동 문화체육센터,강서구 송정로 45,37.5585677,126.8100905,3662-9082,수영,http://www.gssi.or.kr/,유,실내
강서구,체육관,마곡레포츠센터,강서구 양천로 251,37.573161,126.8316806,3662-9082,필라테스 탁구 줌바댄스 요가 유도 헬스 수영 인공암벽,http://www.gssi.or.kr/,유,실내
강서구,족구장,강서한강공원 족구장,강서구 개화동 173-8,37.5879925,126.8143969,3780-0621,족구,-,무,실외
강서구,배드민턴장,마곡실내배드민턴장,강서구 양천로 251,37.573161,126.8316806,2063-3990,배드민턴,-,유,실내
구로구,축구장,안양천체육생태공원,구로구 신도림동,37.5077345,126.8805914,860-3114,측구 2면 [길이 80m 폭 60m],http://www.guro.go.kr/culture/sports/facilities.jsp,유,실외
구로구,축구장,안양천체육생태공원,구로구 신도림동,37.5077345,126.8805914,860-3114,축구 [길이 45m 폭 60m],http://www.guro.go.kr/culture/sports/facilities.jsp,유,실외
구로구,게이트볼장,안양천체육생태공원,구로구 신도림동,37.5077345,126.8805914,860-3114,게이트볼,http://www.guro.go.kr/culture/sports/facilities.jsp,유,실외
구로구,야구장,안양천체육생태공원,구로구 신도림동,37.5077345,126.8805914,860-3114,야구,http://www.guro.go.kr/culture/sports/facilities.jsp,무,실외
구로구,인라인스케이트장,안양천체육생태공원,구로구 신도림동,37.5077345,126.8805914,860-3114,인라인스케이트,http://www.guro.go.kr/culture/sports/facilities.jsp,무,실외
구로구,국궁장,안양천체육생태공원,구로구 신도림동,37.5077345,126.8805914,860-3114,국궁,http://www.guro.go.kr/culture/sports/facilities.jsp,무,실외
구로구,양궁장,안양천체육생태공원,구로구 신도림동,37.5077345,126.8805914,860-3114,양궁,http://www.guro.go.kr/culture/sports/facilities.jsp,유,실외
구로구,체육관,신도림생활체육관,구로구 경인로 67길 149,37.5122164,126.8864678,1899-9912,수영 헬스 골프 탁구,https://www.gurosisul.or.kr/,유,실내
구로구,체육관,개웅산생활체육관,구로구 개봉로3길 108-20,37.485685,126.8505602,3666-0287,헬스,https://www.gurosisul.or.kr/,유,실내
구로구,체육관,구로구민체육센터,구로구 고척로45길 39,37.5059009,126.8531819,2681-9595,수영 에어로빅 필라테스 유도 서킷핏,https://www.gurosisul.or.kr/,유,실내
구로구,체육관,구로5동 구로구민생활체육관,구로구 새말로 18길 31,37.5051911,126.8927669,858-5150,탁구 에어로빅 헬스 요가,-,유,실내
구로구,체육관,구로청소년수련관,구로구 구로동로 141 ,37.4912729,126.8833142,838-1318 ,수영 농구 탁구 방송댄스 요가 필라테스 에어로빅 댄스스포츠,http://www.guro1318.org/,유,실내
구로구,축구장,고척근린공원 운동장,구로구 고척동 산9-14번지,37.505969,126.853168,860-3086,축구,http://www.guro.go.kr/culture/attraction/park/,무,실외
구로구,테니스장,고척근린공원 테니스장,구로구 고척동 산9-14번지,37.505969,126.853168,860-3086,테니스,http://www.guro.go.kr/culture/attraction/park/,유,실외
구로구,테니스장,계남근린공원 테니스장,구로구 고척2동 1-3번지 ,37.5094119,126.8575122,2681-5199,테니스,http://www.guro.go.kr/culture/attraction/park/,유,실내
구로구,테니스장,신도림테니스장,구로구 신도림동 301,37.5127968,126.8820604,1899-9912,테니스,https://www.gurosisul.or.kr/,유,실외
구로구,배드민턴장,구로누리 배드민턴장,구로구 새말로 18길 39,37.5046337,126.8928463,869-9677,배드민턴,https://www.gurosisul.or.kr/,유,실내
구로구,풋살장,고척스카이돔 야외 풋살장,구로구 고척동 63-6,37.4987976,126.8672325,2123-2300,풋살,http://www.sisul.or.kr/open_content/skydome/,무,실외
구로구,야구장,고척스카이돔 야구장,구로구 고척동 63-6,37.4987976,126.8672325,2128-2335,야구,http://www.sisul.or.kr/open_content/skydome/,무,실내
구로구,축구장,고척스카이돔 야외 축구장,구로구 고척동 66-47,37.4958302,126.8674899,2128-2334,축구,http://www.sisul.or.kr/open_content/skydome/,무,실외
구로구,축구장,계남근린공원 인조잔디 축구장,구로구 고척동 산6-1,37.5086492,126.8555162,860-3364,축구,http://www.guro.go.kr/culture/sports/facilities.jsp,무,실외
구로구,농구장,고척돔구장 주차장 내 농구장,구로구 고척동 66-47,37.4958302,126.8674899,2123-2300,농구,-,무,실외
구로구,배드민턴장,오류고가하부 배드민턴장,구로구 오류2동 94-16,37.492371,126.8320344,2060-7259,배드민턴,-,유,실내
구로구,수영장,고척스카이돔 수영장,구로구 고척동 66-47,37.4958302,126.8674899,2066-5400,수영,http://www.gocheok-sc.or.kr/,유,실내
구로구,수영장,50플러스수영장,구로구 오류로 36-25,37.4881908,126.8420685,2066-1515,수영,https://www.gurosisul.or.kr/,유,실내
송파구,체육관,송파구 체육문화회관,송파구 양산로 15,37.4907894,127.1428706,402-3291,수영 골프 헬스 스쿼시 에어로빅 댄스 탁구 농구 축구 배드민턴 인라인 요가 발레  리듬체조,http://www.esongpa.or.kr/,유,실내
송파구,체육관,서울곰두리 체육센터,송파구 동남로 271,37.5010097,127.134043,404-6240,장애인수영 장애인골프 수영 골프 댄스 헬스 스피닝 아쿠아로빅,http://www.sgsc.or.kr/,유,실내
송파구,체육관,올림픽공원 스포츠센터,송파구 424,37.5145437,127.1065971,449-2526,테니스(실내) 탁구 배드민턴(실내) 농구(실내) 요가 검도 필라테스 당구 에어로빅 헬스,http://sports.ksponco.or.kr/index.es?sid=a2,유,실내외
송파구,체육관,송파청소년수련관,송파구 중대로4길 4,37.4896609,127.1112312,449-0500,골프 발레 인라인스케이트 축구 농구 리듬체조 필라테스 배드민턴 스피닝 ,http://www.youth1318.or.kr/youth1318/index.asp,유,실내
송파구,인라인스케이트장,송파구 다목적경기장,송파구 오금로 363,37.5010097,127.134043,449-0019 ,인라인스케이트,-,무,실외
송파구,풋살장,잠실종합운동장 풋살장,송파구 올림픽로 25,37.5140929,127.0749534,2240-8761,풋살,http://stadium.seoul.go.kr/,무,실외
송파구,족구장,잠실한강공원 족구장,송파구 한가람로 65,37.5175896,127.0867236,3780-0511,족구,http://stadium.seoul.go.kr/,무,실외
송파구,배구장,잠실한강공원 배구장,송파구 한가람로 65,37.5175896,127.0867236,3780-0511,배구,http://stadium.seoul.go.kr/,무,실외
송파구,배드민턴장,송파 배드민턴체육관,송파구 문정로 176,37.4935003,127.1382257,403-2839,배드민턴,http://www.songpagongdan.or.kr/,무,실내
송파구,농구장,잠실한강공원 농구장,송파구 잠실동 1-1,37.5175896,127.0867236,3780-0511,농구,http://www.songpa.go.kr/,무,실외
송파구,배드민턴장,잠실한강공원 배드민턴장,송파구 잠실동 1-1,37.5175896,127.0867236,3780-0511,배드민턴,http://www.songpa.go.kr/,무,실외
송파구,수영장,올림픽 수영장,송파구 올림픽로 424,37.5217853,127.1165203,2180-3743,수영,http://sports.ksponco.or.kr/,유,실내
송파구,야구장,잠실유소년야구장,송파구 잠실본동 306,37.503758,127.076628,2147-2818,야구,-,유,실외
송파구,골프장,잠실파크 골프장,송파구 올림픽로 25,37.5140929,127.0749534,2240-8763,골프,http://stadium.seoul.go.kr/,유,실외
송파구,수영장,잠실한강공원 수영장,송파구 한가람로 65,37.5175896,127.0867236,3780-0511,수영,http://www.songpa.go.kr/,무,실외
송파구,테니스장,오금공원 테니스장,송파구 오금로 363,37.5010097,127.134043,402-3700,테니스,http://www.songpagongdan.or.kr,유,실외
송파구,축구장,천마공원 축구장,송파구 마천동 산1-8번지,37.50036,127.1601091,403-2395,축구,http://www.songpagongdan.or.kr,무,실외
송파구,빙상장 ,롯데월드아이스링크장,송파구 올림픽로 240 ,37.5112348,127.0980274,1661-2000,빙상장,http://www.lotteworld.com/icerink/,유,실내
송파구,축구장,송파구시각장애인축구장,송파구 올림픽로 474,37.5247175,127.1175084,2202-8144,축구,http://www.songpagongdan.or.kr/,무,실외
송파구,축구장,송파구 여성축구장,송파구 올림픽로 474,37.5247175,127.1175084,412-5969,축구,http://www.songpagongdan.or.kr/,무,실외
송파구,족구장,송파구 족구장,송파구 올림픽로 474,37.5247175,127.1175084,-,족구,-,무,실외
송파구,족구장,풍납족구장,송파구 풍납동 310-17,37.5305896,127.1102853,-,족구,-,무,실외
송파구,배드민턴장,풍납배드민턴장,송파구 풍납동 310-17,37.5305896,127.1102853,-,배드민턴,-,무,실내
송파구,빙상장,올림픽스케이트장,송파구 올림픽로 424,37.5217853,127.1165203,2180-3692,빙상장,http://www.olympicpark.co.kr/jsp/homepage/contents/sports/skate_main.j네,유,실외
관악구,체육관,관악구민종합체육센터,관악구 낙성대로3길 37,37.473014,126.9603062,875-1188,수영 스쿼시 헬스 에어로빅,https://www.gwanakgongdan.or.kr/,유,실내
관악구,체육관,신림체육센터,관악구 난곡로58길 13,37.4801485,126.9161948,869-1888,수영 헬스 에어로빅,https://www.gwanakgongdan.or.kr/,유,실내
관악구,체육관,관악청소년회관,관악구 신림로23길 17,37.4701424,126.9352208,876-0636,수영 헬스 필라테스,http://www.goyouth.or.kr/,유,실내
관악구,축구장,성보고등학교,관악구 남부순환로156길 39,37.4801177,126.9207947,862-8409 ,축구,http://www.sungbo.hs.kr/,무,실외
관악구,농구장,성보고등학교,관악구 남부순환로156길 39,37.4801177,126.9207947,862-8409 ,농구,http://www.sungbo.hs.kr/,무,실외
관악구,족구장,당곡중학교,관악구 봉천로13길 101,37.4919353,126.9330422,870-7700 ,족구,www.danggok.ms.kr,무,실외
관악구,간이운동장,당곡중학교,관악구 봉천로13길 101,37.4919353,126.9330422,870-7700 ,-,www.danggok.ms.kr,무,실외
관악구,테니스장,당곡고등학교,관악구 봉천로21길 108,37.4916205,126.9346016,6717-5200 ,테니스,www.danggok.hs.kr,무,실외
관악구,농구장,당곡고등학교,관악구 봉천로21길 108,37.4916205,126.9346016,6717-5200 ,농구,www.danggok.hs.kr,무,실외
관악구,테니스장,난우공원 테니스장,관악구 신림동 산 124-6,37.4626176,126.9383251,879-6523,테니스,-,유,실외
관악구,테니스장,선우공원 테니스장,관악구 신림동 산 117-20 ,37.4626176,126.9383251,879-6523,테니스,-,유,실외
관악구,간이운동장,관악구민운동장,관악구 낙성대로 40,37.4753202,126.9569753,2081-2660,테니스 축구 농구 족구,https://www.gwanakgongdan.or.kr/,무,실외
관악구,간이운동장,관악제2구민운동장,관악구 약수암길 43-1,37.4784063,126.9516133,2081-2650,축구 야구,https://www.gwanakgongdan.or.kr/,무,실외
관악구,국궁장,관악정 궁도장,관악구 약수암길 43-3,37.4784063,126.9516133,887-7971,국궁,-,유,실외
관악구,배드민턴장,국사봉체육관,관악구 국회단지길 144,37.4916975,126.9413684,2081-2690,배드민턴,https://www.gwanakgongdan.or.kr/,유,실내
관악구,배드민턴장,미성체육관,관악구 난우16길 37,37.4777468,126.9188017,2081-2635,배드민턴,https://www.gwanakgongdan.or.kr/,유,실내
관악구,배드민턴장,청룡산체육관,관악구 관악로 5길 91-41,37.47594,126.9516004,2081-2635,배드민턴,https://www.gwanakgongdan.or.kr/,유,실내
관악구,배드민턴장,장군봉체육관,관악구 남부순환로194길 81-12,37.4813112,126.9341533,2081-2635,배드민턴,https://www.gwanakgongdan.or.kr/,유,실내
관악구,족구장,선우공원 족구장,관악구 미성동 산117-3,37.4683524,126.9137832,879-6522,족구,-,무,실외
관악구,배드민턴장,난우공원 배드민턴장,관악구 미성동 산124-6,37.4781214,126.9214408,855-7708,배드민턴,-,무,실외
강동구,체육관,일자산 제2체육관,강동구 동남로 620,37.5293211,127.149698,474-0319,헬스 탁구,http://iljasan.igangdong.or.kr,무,실내
강동구,체육관,온조대왕문화체육관,강동구 고덕로 285,37.5562542,127.1577177,2045-7800,수영 헬스 농구 축구 탁구 배드민턴,http://www.onjo.or.kr/ ,유,실내
강동구,체육관,해공체육문화센터,강동구 천중로 18길 61,37.5420355,127.1298616,477-2229,배드민턴 요가,http://haegonggym.igangdong.or.kr/,유,실내
강동구,체육관,강동유소년 스포츠센터,강동구 상일로12길 60,37.5506038,127.1718747,3428-7979,수영 헬스 요가,  http://igdyouth.or.kr,유,실외
강동구,족구장,샘터근린공원,강동구 동남로 990,37.5372136,127.15142,3425-6452,족구,-,무,실외
강동구,배드민턴장,샘터근린공원,강동구 동남로 990,37.5372136,127.15142,427-3366,배드민턴,-,무,실내
강동구,축구장,광나루한강공원 축구장,강동구 암사동 637-4,37.5499421,127.1216882,3780-0501,축구,http://hangang.seoul.go.kr/archives/46585,무,실외
강동구,배구장,광나루한강공원 배구장,강동구 암사동 637-4,37.5499421,127.1216882,3780-0501,배구,http://hangang.seoul.go.kr/archives/46585,무,실외
강동구,농구장,광나루한강공원 농구장,강동구 암사동 624-3,37.5521525,127.1221964,3780-0501,농구,http://hangang.seoul.go.kr/archives/46585,무,실외
강동구,야구장,광나루 성인 야구장,송파구 풍납동 45-3,37.5378693,127.1129382,3780-0501,야구,http://hangang.seoul.go.kr/archives/46585,무,실외
강동구,족구장,광나루한강공원 족구장,강동구 암사동 624-3,37.5521525,127.1221964,3780-0501,족구,http://hangang.seoul.go.kr/archives/46585,무,실외
강동구,족구장,광나루한강공원 족구장,강동구 천호동 351-1,37.5464653,127.119443,3780-0501,족구,http://hangang.seoul.go.kr/archives/46585,무,실외
강동구,농구장,광나루한강공원 농구장,강동구 천호동 351-1,37.5464653,127.119443,3780-0501,농구,http://hangang.seoul.go.kr/archives/46585,무,실외
강동구,배구장,광나루한강공원 배구장,강동구 천호동 351-1,37.5464653,127.119443,3780-0501,배구,http://hangang.seoul.go.kr/archives/46585,무,실외
강동구,축구장,광나루축구장,강동구 천호동 351-1,37.5464653,127.119443,3780-0501,축구,http://hangang.seoul.go.kr/archives/46585,무,실외
강동구,축구장,동명근린공원 인조잔디축구장,강동구 아리수로 78길 43-19,37.5607615,127.16486,2045-7893,축구,    http://dmsoccer.igangdong.or.kr,유,실외
강동구,테니스장,강일테니스장,강동구 강일동 157-2,37.574449,127.1648136,2329-7151,테니스 족구,-,유,실외
강동구,배드민턴장,일자산 제1체육관,강동구 동남로 660,37.5330568,127.151191,472-0311,배드민턴,http://iljasan.igangdong.or.kr,유,실내
강동구,테니스장,명일중학교테니스장,강동구 양재대로156길 57,37.557063,127.1477463,070-8650-5813,테니스,www.myungil.ms.kr/,무,실외
강동구,스크린사격장,명일중학교스크린사격장,강동구 양재대로156길 57,37.557063,127.1477463,070-8650-5813,사격,www.myungil.ms.kr/,무,실내
강동구,수영장,강동청소년회관수영장,강동구 양재대로138길 41,37.5496994,127.1462174,3426-6211,수영장,http://www.kdyouth.or.kr/,유,실내
강동구,골프연습장,해공골프연습장,강동구 구천면로 29길 11 ,37.5410386,127.1288401,470-0556,골프,https://www.igangdong.or.kr/page/ch/ch_0401.asp,유,실외
강동구,테니스장,한강공원 광나루지구 테니스장,강동구 암사동 637-4,37.5499421,127.1216882,3780-0501,테니스,-,유,실외
강동구,야구장,광나루 성인 야구장,강동구 천호동 351-1,37.5464653,127.119443,378-0808,야구,https://yeyak.seoul.go.kr/,무,실외
강동구,야구장,광나루 어린이 야구장,강동구 천호동 351-1,37.5464653,127.119443,378-0808,야구,https://yeyak.seoul.go.kr/,유,실외
강동구,인라인스케이트장,광나루 인라인스케이트장,강동구 천호동 481-4,37.5433954,127.1175022,3780-0501,인라인스케이트,-,무,실외
강동구,X-게임장,강동 X-게임장,강동구 천호동 481-5,37.5422956,127.1176826,3780-0501,X-게임,-,무,실외
강동구,레이싱경기장,한강공원 광나루지구 레이싱경기장,강동구 암사동 624-3,37.5521525,127.1221964,3780-0501,레이싱,-,무,실외
영등포구,체육관,영등포 제1스포츠센터,영등포구 신풍로 1,37.500488,126.9062483,2650-1500,수영 헬스 골프 배드민턴 탁구 인라인 농구 축구 요가 필라테스 에어로빅,http://www.y-sisul.or.kr/,유,실내
영등포구,체육관,영등포 제2스포츠센터,영등포구 국회대로 615,37.526651,126.902642,2630-2900,수영 헬스 요가 필라테스 탁구 축구 농구 에어로빅 줌바댄스 밸리댄스 라인댄스 음악줄넘기 스피닝,http://www.y-sisul.or.kr/,유,실내
영등포구,축구장,양화한강공원,영등포구 양화동 1-4,37.538351,126.902254,631-8290 |,축구,-,무,실외
영등포구,배구장,양화한강공원,영등포구 양화동 1-4,37.538351,126.902254,3780-0581,배구,-,무,실외
영등포구,농구장,양화한강공원,영등포구 양화동 1-4,37.538351,126.902254,3780-0581,농구,-,무,실외
영등포구,풋살장,성산대교풋살장,영등포구 양화동 1-113,37.546533,126.8882346,-,풋살,-,무,실외
영등포구,축구장,영롱이억새구장 갈대구장,영등포구 문래동 5가 31,37.5179868,126.8813009,2670-3522,축구,-,무,실외
영등포구,축구장,대림운동장 인조잔디구장,영등포구 대림동 780,37.4996112,126.8948104,2670-3522,축구,-,무,실외
영등포구,풋살장,영등포공원 풋살경기장,영등포구 신길로 275,37.5157786,126.9122002,2670-3715,풋살,-,무,실외
영등포구,족구장,도림2동유수지내체육시설,영등포구 도림동 254,37.506794,126.89735,-,족구,-,무,실외
영등포구,족구장,오목교족구장,영등포구 양평동 488,37.5249456,126.8805578,2670-3521,족구,-,무,실외
영등포구,빙상장,여의 아이스파크,영등포구 여의공원로 68,37.5268082,126.9223229,070-4242-1222,빙상장,https://yicepark.com/,무,실외
서초구,족구장,우면체육시설,서초구 우면동 440-5,37.4610658,127.0215801,2155-6214,족구,http://yeyak.seoul.go.kr/,무,실외
서초구,풋살장,우면체육시설,서초구 우면동 440-5,37.4610658,127.0215801,2155-6214,풋살,http://yeyak.seoul.go.kr/,무,실외
서초구,간이운동장,우면체육시설,서초구 우면동 440-5,37.4610658,127.0215801,2155-6214,-,http://yeyak.seoul.go.kr/,무,실외
서초구,체육관,서리풀언남문화체육센터,서초구 동산로 13길 35,37.472451,127.043345,577-7718,수영 헬스 태권도 골프 필라테스 요가,http://www.3ful.com/,유,실내
서초구,체육관,잠원스포츠파크,서초구 신반포로23길 66,37.5112158,127.0052078,533-7508,테니스 헬스 요가 필라테스 풋살,http://jwsports.co.kr/,유,실내
서초구,체육관,서초구민체육센터,서초구 사평대로 55,37.5068585,127.0215598,591-6060,수영 헬스 골프 요가 탁구 국선도 배드민턴 유도 필라테스,http://www.seochoymca.com/,유,실내
서초구,체육관,방배열린문화센터,서울 서초구 방배로 173 ,37.4889095,126.9922476,535-2601,수영헬스요가골프,http://bb.sporex.com,유,실내
서초구,다목적운동장,반포종합운동장,서초구 신반포로길 16길 30,37.5045471,126.9944578,593-1330,테니스 배드민턴 축구 족구 풋살 게이트볼 농구,http://sports.seocho.go.kr/facilitiesinfo/,무,실외
서초구,다목적운동장,방배배수지 체육공원,서초구 방배동 599,37.4728927,126.9918499,2155-6212,축구,http://www.seocho.go.kr/,유,실외
서초구,다목적운동장,방배배수지 체육공원,서초구 방배동 599,37.4728927,126.9918499,2155-6212,풋살,http://www.seocho.go.kr/,무,실외
서초구,다목적운동장,방배배수지 체육공원,서초구 방배동 599,37.4728927,126.9918499,2155-6212,배드민턴,http://www.seocho.go.kr/,무,실외
서초구,축구장,양재근린공원 축구장,서초구 양재2동 311,37.4715434,127.0423853,2155-6212,축구,http://sports.seocho.go.kr/facilitiesinfo/,무,실외
서초구,축구장,서울시인재개발원 축구장,서초구 서초동 393-1,37.4795371,127.0218775,3488-2055,축구,http://yeyak.seoul.go.kr/,무,실외
서초구,축구장,반포한강공원,서초구 잠원동 122-1,37.5173518,127.0182303,3780-0541,축구,-,무,실외
서초구,농구장,반포한강공원,서초구 잠원동 122-1,37.5173518,127.0182303,3780-0541,농구,-,무,실외
서초구,배드민턴장,반포한강공원,서초구 반포동 115-3,37.5083812,126.995534,3780-0541,배드민턴,-,무,실외
서초구,배드민턴장,새우촌근린공원 이수 배드민턴장,서초구 방배2동 산75-4,37.4800699,126.9888319,2155-6880,배드민턴,http://sports.seocho.go.kr/facilitiesinfo/,무,실외
서초구,배드민턴장,서리풀근린공원 서리풀 배드민턴장,서초구 서초3동 산156-24,37.4838743,127.0015711,3780-0541,배드민턴,http://sports.seocho.go.kr/facilitiesinfo/,무,실외
서초구,테니스장,양재시민의숲 테니스장,서초구 매헌로 99,37.4712172,127.0367358,2155-6214,테니스,http://yeyak.seoul.go.kr/,무,실외
서초구,수영장,양재천수영장,서초구 양재동 126-1,37.4733403,127.0353225,2155-6213,수영,-,무,실외
서초구,게이트볼장,우면산근린공원 게이트볼장,서초구 우면동 71,37.4732214,127.0290574,2155-6652,게이트볼,-,무,실외
강남구,체육관,강남구민회관,강남구 삼성로 154,37.4938503,127.0642598,2176-0891,국선도 에어로빅 요가,http://cna.gncity.or.kr/,유,실내
강남구,체육관,강남스포츠문화센터,강남구 밤고개로1길 52,37.4889672,127.1052745,2176-0803,야구 에어로빅 요가 필라테스 인라인 탁구,http://cna.gncity.or.kr/,유,실내
강남구,체육관,강남구민체육관,강남구 개포로28길 47,37.477093,127.0518862,2176-0871,배드민턴 에어로빅 필라테스 탁구,http://cna.gncity.or.kr/,유,실내
강남구,체육관,대진체육관,강남구 개포로 109길 62,37.4960323,127.0787736,2176-0880,배드민턴,http://cna.gncity.or.kr/,유,실내
강남구,축구장,잠원한강공원,강남구 압구정동 386,37.5275007,127.0189266,3780-0531,축구,-,무,실외
강남구,배구장,잠원한강공원,강남구 압구정동 386,37.5275007,127.0189266,3780-0531,배구,-,무,실외
강남구,농구장,잠원한강공원,강남구 압구정동 386,37.5275007,127.0189266,3780-0531,농구,-,무,실외
강남구,테니스장,봉은테니스장,강남구 삼성동 75,37.5138721,127.0554775,2176-0890,테니스,http://cna.gncity.or.kr/,유,실외
강남구,테니스장,포이테니스장,강남구 개포동 1274,37.4755799,127.0554543,2176-0871,테니스,http://cna.gncity.or.kr/,유,실외
강남구,수영장,한강시민공원 잠원수영장,강남구 잠원동 121,37.5206865,127.0122724,536-8563,수영,-,무,실외
강남구,체육관,동영문화센터,강남구 언주로 337,37.497839,127.0442979,559-5114,수영 헬스 골프 에어로빅,http://www.dycenter.com/ ,유,실내
강남구,체육관,강남주민편익시설,강남구 남부순환로 3318,37.4940304,127.0928888,3412-2171,수영 헬스 골프 에어로빅 테니스,http://ykasports.com/,유,실내
강남구,체육관,강남구립 역삼청소년수련관,강남구 논현로64길 7,37.4939252,127.0408998,550-3632,수영 헬스 골프 탁구 축구 태권도 농구,http://www.gyyc.kr/,유,실내
강남구,체육관,서울시립수서청소년수련관,강남구 광평로 144,37.4835336,127.0887371,2226-3611~4 ? ?,수영 헬스 농구 요가,http://www.youtra.or.kr/,유,실내
강남구,골프연습장,태화기독교사회복지관,강남구 광평로 185,37.484625,127.093223,2040-1600,골프연습장,www.taiwha.or.kr ,유,실내
강남구,수영장,태화기독교사회복지관,강남구 광평로 185,37.484625,127.093223,2040-1600,수영,www.taiwha.or.kr ,유,실내
강남구,체육관,언북문화체육센터,강남구 삼성로135길 42,37.5199257,127.0451,543-5991,수영 헬스,http://eonbuk.kr,유,실내
강남구,체육관,도곡체육문화센터,강남구 선릉로64길 33,37.4993211,127.054928,563-6777,헬스사우나수영,http://www.wbc4u.com/,유,실내
강남구 ,축구장,탄천물재생센터축구장,강남구 일원동 4-12,37.495207,127.0895837,-,축구,-,무,실외
강남구 ,배드민턴장,탄천물재생센터배드민턴장,강남구 일원동 4-12,37.495207,127.0895837,-,배드민턴,-,무,실외
동작구,체육관,흑석체육센터,동작구 동작구 현충로 73,37.5100062,126.9634626,823-2273,수영 헬스 필라테스 요가 배드민턴 농구,http://www.idongjak.or.kr/,유,실내
동작구,체육관,동작구민체육센터,동작구 여의대방로 16길 53,37.4946758,126.9167539,849-0100,수영 헬스 농구 배드민턴 요가 필라테스 스피닝 골프,http://www.idongjak.or.kr/,유,실내
동작구,체육관,사당문화회관,동작구 사당로8길9,37.4846829,126.9695996,588-4111,수영 헬스 아쿠아로빅 요가 농구 배드민턴 필라테스,http://www.idongjak.or.kr/,유,실내
동작구,체육관,사당종합체육관,동작구 사당로27길 232,37.4875595,126.9751922,595-5556,헬스 탁구 농구 배드민턴 트램폴린 요가 필라테스 댄스,http://www.idongjak.or.kr/,유,실내
동작구,체육관,서울여성플라자 스포츠센터,동작구 여의대방로 54길 18,37.5115519,126.9271787,822-2426,수영 헬스 요가 발레,http://www.womansports.co.kr/,유,실내
동작구,축구장,보라매공원,동작구 여의대방로20길 33,37.4932342,126.9197115,849-1201,축구,http://parks.seoul.go.kr/boramae,무,실외
동작구,테니스장,보라매공원,동작구 신대방동 395-3,37.4950042,126.9190652,849-1201,테니스,http://parks.seoul.go.kr/boramae,무,실외
동작구,게이트볼장,보라매공원,동작구 여의대방로20길 33,37.4932342,126.9197115,2181-1192,게이트볼,http://parks.seoul.go.kr/boramae,무,실외
동작구,배드민턴장,보라매공원,동작구 여의대방로20길 33,37.4932342,126.9197115,2181-1192,배드민턴,http://parks.seoul.go.kr/boramae,무,실외
동작구,인라인스케이트장,보라매공원,동작구 여의대방로20길 33,37.4932342,126.9197115,2181-1192,인라인스케이트,http://parks.seoul.go.kr/boramae,무,실외
동작구,테니스장,노량진근린공원 테니스장,동작구 여의대방로36길 71,37.5075564,126.9281351,817-2070,테니스,-,무,실외
동작구,테니스장,동작주차공원 테니스장,동작구 현충로 213,37.5036663,126.9772942,832-2445,테니스,http://www.idongjak.or.kr/,무,실외
동작구,축구장,노들나루공원 인조잔디구장,동작구 노량진로 247,37.5138235,126.953907,820-1261,축구,-,무,실외
동작구,테니스장,현충근린공원 테니스장,동작구 상도동 산49-78,37.4978614,126.9596033,-,테니스,-,무,실외
동작구,게이트볼장,노량진근린공원(대방) 게이트볼장,동작구 여의대방로44길 39,37.5100726,126.9285912,820-1261,게이트볼,-,무,실외
동작구,게이트볼장,노량진근린공원(고구동산) 게이트볼장,동작구 매봉로6길 16,37.5086944,126.9541709,820-1261,게이트볼,-,무,실외
동작구,게이트볼장,현충근린공원(달마) 게이트볼장,동작구 흑석동 산60-3,37.484025,126.865421,820-1261,게이트볼,-,무,실외
동작구,족구장,노들나루공원 족구장,동작구 노량진로 247,37.5138235,126.953907,820-1261,족구,-,무,실외
동작구,풋살장,노들나루공원 풋살장,동작구 노량진로 247,37.5138235,126.953907,820-1261,풋살,-,무,실외
동작구,간이운동장,노량진근린공원(고구동산) 다목적구장,동작구 매봉로6길 16,37.5086944,126.9541709,820-9845,농구 배드민턴,-,무,실외
동작구,간이운동장,송학대근린공원,동작구 노량진동 325-2,37.508627,126.943711,820-1261,배드민턴 달리기,-,무,실외
금천구,체육관,금천구민문화체육센터,금천구 독산로54길 188,37.4702259,126.9070647,861-1313,수영 헬스 배드민턴 탁구 농구 요가 필라테스 골프,http://www.gfmc.kr/,유,실내
금천구,체육관,금빛휘트니스센터,금천구 금하로 668,37.4525867,126.9043003,802-9685,골프 헬스 요가 필라테스 댄스스포츠,http://www.gfmc.kr/,유,실내
금천구,축구장,독산동 잔디축구장,금천구 독산1동 1086번지,37.4636133,126.8841338,809-1912,축구,http://www.gfmc.kr/,무,실외
금천구,배드민턴장,독산 배드민턴체육관,금천구 독산로54길 102-82,37.4667151,126.9089754,869-7577,배드민턴,http://www.geumcheon.go.kr/,유,실내
금천구,테니스장,독산 테니스장,금천구 독산로54길 288,37.4749586,126.9064282,2627-1473,테니스,http://www.geumcheon.go.kr/,유,실외
금천구,풋살장,안양천박미풋살장,금천구 시흥동 673-2,37.4382814,126.901076,2627-1863,풋살,https://www.geumcheon.go.kr/,무,실외
강동구,테니스장,강동테니스장,강동구 상일동 135,37.5517031,127.1645763,,테니스,-,유,실외
동작구,테니스장,동작테니스장,동작구 현충로 지하 220,37.5033405,126.9778434,,테니스,,무,실외
